Workbook

Sheet Mode d'emploi
B3: Tableur compagnon du livre
B4: Livre des Recettes et Registre des Achats — NEONLOTUS
B6: À quoi sert ce fichier
B7: Il reprend exactement les colonnes de votre registre papier et calcule vos totaux par mois et par trimestre. Beaucoup d'utilisateurs tiennent le papier au quotidien et reportent une fois par mois ici, pour obtenir les totaux sans calcul.
B9: Comment l'utiliser
B10: 1. Onglet Synthèse : indiquez l'exercice, par exemple 2026.
B11: 2. Onglet Recettes : une ligne par encaissement, dans l'ordre des dates.
B12: 3. Onglet Achats : vos achats de biens et de services, si vous y êtes tenu.
B13: 4. Onglet Synthèse : vos totaux mensuels et trimestriels se calculent seuls.
B15: La date à saisir
B16: Celle de l'ENCAISSEMENT, pas celle de la facture. Une facture du 28 mars payée le 4 avril s'inscrit au 4 avril, et compte pour le deuxième trimestre.
B18: Si vous ne collectez pas de TVA
... B28: Le tableur complet — réglages de taux, tableau de bord avec alertes de plafond et de TVA, module de déclarations — est disponible séparément sur neonlotuscreations.etsy.com

Sheet Recettes
A1: Livre des recettes
A2: Une ligne par encaissement, dans l'ordre des dates. La date est celle où l'argent est reçu.
E3: Total saisi | F3: =SUM(F5:F304) | G3: =SUM(G5:G304) | H3: =SUM(H5:H304)
A4: Date | B4: N° pièce | C4: Client / origine | D4: Nature de l'opération | E4: Règlement | F4: Montant HT | G4: TVA collectée | H4: Encaissé TTC | I4: Mois | J4: Trimestre | K4: Année
I5: =IF(A5="","",MONTH(A5)) | J5: =IF(A5="","",ROUNDUP(MONTH(A5)/3,0)) | K5: =IF(A5="","",YEAR(A5))
I6: =IF(A6="","",MONTH(A6)) | J6: =IF(A6="","",ROUNDUP(MONTH(A6)/3,0)) | K6: =IF(A6="","",YEAR(A6))
I7: =IF(A7="","",MONTH(A7)) | J7: =IF(A7="","",ROUNDUP(MONTH(A7)/3,0)) | K7: =IF(A7="","",YEAR(A7))
I8: =IF(A8="","",MONTH(A8)) | J8: =IF(A8="","",ROUNDUP(MONTH(A8)/3,0)) | K8: =IF(A8="","",YEAR(A8))
I9: =IF(A9="","",MONTH(A9)) | J9: =IF(A9="","",ROUNDUP(MONTH(A9)/3,0)) | K9: =IF(A9="","",YEAR(A9))
I10: =IF(A10="","",MONTH(A10)) | J10: =IF(A10="","",ROUNDUP(MONTH(A10)/3,0)) | K10: =IF(A10="","",YEAR(A10))
I11: =IF(A11="","",MONTH(A11)) | J11: =IF(A11="","",ROUNDUP(MONTH(A11)/3,0)) | K11: =IF(A11="","",YEAR(A11))
I12: =IF(A12="","",MONTH(A12)) | J12: =IF(A12="","",ROUNDUP(MONTH(A12)/3,0)) | K12: =IF(A12="","",YEAR(A12))
I13: =IF(A13="","",MONTH(A13)) | J13: =IF(A13="","",ROUNDUP(MONTH(A13)/3,0)) | K13: =IF(A13="","",YEAR(A13))
I14: =IF(A14="","",MONTH(A14)) | J14: =IF(A14="","",ROUNDUP(MONTH(A14)/3,0)) | K14: =IF(A14="","",YEAR(A14))
I15: =IF(A15="","",MONTH(A15)) | J15: =IF(A15="","",ROUNDUP(MONTH(A15)/3,0)) | K15: =IF(A15="","",YEAR(A15))
I16: =IF(A16="","",MONTH(A16)) | J16: =IF(A16="","",ROUNDUP(MONTH(A16)/3,0)) | K16: =IF(A16="","",YEAR(A16))
... I304: =IF(A304="","",MONTH(A304)) | J304: =IF(A304="","",ROUNDUP(MONTH(A304)/3,0)) | K304: =IF(A304="","",YEAR(A304))

Sheet Achats
A1: Registre des achats
A2: Achats de biens ET de services. Voir le chapitre 6 du livre pour savoir si vous y êtes tenu.
E3: Total saisi | F3: =SUM(F5:F154)
A4: Date | B4: N° pièce | C4: Fournisseur | D4: Nature de l'achat | E4: Règlement | F4: Montant TTC | G4: Mois | H4: Trimestre | I4: Année
G5: =IF(A5="","",MONTH(A5)) | H5: =IF(A5="","",ROUNDUP(MONTH(A5)/3,0)) | I5: =IF(A5="","",YEAR(A5))
G6: =IF(A6="","",MONTH(A6)) | H6: =IF(A6="","",ROUNDUP(MONTH(A6)/3,0)) | I6: =IF(A6="","",YEAR(A6))
G7: =IF(A7="","",MONTH(A7)) | H7: =IF(A7="","",ROUNDUP(MONTH(A7)/3,0)) | I7: =IF(A7="","",YEAR(A7))
G8: =IF(A8="","",MONTH(A8)) | H8: =IF(A8="","",ROUNDUP(MONTH(A8)/3,0)) | I8: =IF(A8="","",YEAR(A8))
G9: =IF(A9="","",MONTH(A9)) | H9: =IF(A9="","",ROUNDUP(MONTH(A9)/3,0)) | I9: =IF(A9="","",YEAR(A9))
G10: =IF(A10="","",MONTH(A10)) | H10: =IF(A10="","",ROUNDUP(MONTH(A10)/3,0)) | I10: =IF(A10="","",YEAR(A10))
G11: =IF(A11="","",MONTH(A11)) | H11: =IF(A11="","",ROUNDUP(MONTH(A11)/3,0)) | I11: =IF(A11="","",YEAR(A11))
G12: =IF(A12="","",MONTH(A12)) | H12: =IF(A12="","",ROUNDUP(MONTH(A12)/3,0)) | I12: =IF(A12="","",YEAR(A12))
G13: =IF(A13="","",MONTH(A13)) | H13: =IF(A13="","",ROUNDUP(MONTH(A13)/3,0)) | I13: =IF(A13="","",YEAR(A13))
G14: =IF(A14="","",MONTH(A14)) | H14: =IF(A14="","",ROUNDUP(MONTH(A14)/3,0)) | I14: =IF(A14="","",YEAR(A14))
G15: =IF(A15="","",MONTH(A15)) | H15: =IF(A15="","",ROUNDUP(MONTH(A15)/3,0)) | I15: =IF(A15="","",YEAR(A15))
G16: =IF(A16="","",MONTH(A16)) | H16: =IF(A16="","",ROUNDUP(MONTH(A16)/3,0)) | I16: =IF(A16="","",YEAR(A16))
... G154: =IF(A154="","",MONTH(A154)) | H154: =IF(A154="","",ROUNDUP(MONTH(A154)/3,0)) | I154: =IF(A154="","",YEAR(A154))

Sheet Synthèse
A1: Synthèse
A2: Tout se calcule automatiquement. Indiquez seulement l'exercice ci-dessous.
A4: Exercice | B4: 2026
A6: Mois | B6: Montant HT | C6: TVA collectée | D6: Encaissé TTC | E6: Achats TTC | G6: PASSERELLE VERS VOTRE DÉCLARATION
A7: Janvier | B7: =SUMIFS(Recettes!F5:F304,Recettes!I5:I304,1,Recettes!K5:K304,$B$4) | C7: =SUMIFS(Recettes!G5:G304,Recettes!I5:I304,1,Recettes!K5:K304,$B$4) | D7: =SUMIFS(Recettes!H5:H304,Recettes!I5:I304,1,Recettes!K5:K304,$B$4) | E7: =SUMIFS(Achats!F5:F154,Achats!G5:G154,1,Achats!I5:I154,$B$4)
A8: Février | B8: =SUMIFS(Recettes!F5:F304,Recettes!I5:I304,2,Recettes!K5:K304,$B$4) | C8: =SUMIFS(Recettes!G5:G304,Recettes!I5:I304,2,Recettes!K5:K304,$B$4) | D8: =SUMIFS(Recettes!H5:H304,Recettes!I5:I304,2,Recettes!K5:K304,$B$4) | E8: =SUMIFS(Achats!F5:F154,Achats!G5:G154,2,Achats!I5:I154,$B$4) | G8: Chiffre d'affaires déclaré — T1
A9: Mars | B9: =SUMIFS(Recettes!F5:F304,Recettes!I5:I304,3,Recettes!K5:K304,$B$4) | C9: =SUMIFS(Recettes!G5:G304,Recettes!I5:I304,3,Recettes!K5:K304,$B$4) | D9: =SUMIFS(Recettes!H5:H304,Recettes!I5:I304,3,Recettes!K5:K304,$B$4) | E9: =SUMIFS(Achats!F5:F154,Achats!G5:G154,3,Achats!I5:I154,$B$4) | G9: Cotisations payées — T1
A10: Avril | B10: =SUMIFS(Recettes!F5:F304,Recettes!I5:I304,4,Recettes!K5:K304,$B$4) | C10: =SUMIFS(Recettes!G5:G304,Recettes!I5:I304,4,Recettes!K5:K304,$B$4) | D10: =SUMIFS(Recettes!H5:H304,Recettes!I5:I304,4,Recettes!K5:K304,$B$4) | E10: =SUMIFS(Achats!F5:F154,Achats!G5:G154,4,Achats!I5:I154,$B$4) | G10: Chiffre d'affaires déclaré — T2
A11: Mai | B11: =SUMIFS(Recettes!F5:F304,Recettes!I5:I304,5,Recettes!K5:K304,$B$4) | C11: =SUMIFS(Recettes!G5:G304,Recettes!I5:I304,5,Recettes!K5:K304,$B$4) | D11: =SUMIFS(Recettes!H5:H304,Recettes!I5:I304,5,Recettes!K5:K304,$B$4) | E11: =SUMIFS(Achats!F5:F154,Achats!G5:G154,5,Achats!I5:I154,$B$4) | G11: Cotisations payées — T2
A12: Juin | B12: =SUMIFS(Recettes!F5:F304,Recettes!I5:I304,6,Recettes!K5:K304,$B$4) | C12: =SUMIFS(Recettes!G5:G304,Recettes!I5:I304,6,Recettes!K5:K304,$B$4) | D12: =SUMIFS(Recettes!H5:H304,Recettes!I5:I304,6,Recettes!K5:K304,$B$4) | E12: =SUMIFS(Achats!F5:F154,Achats!G5:G154,6,Achats!I5:I154,$B$4) | G12: Chiffre d'affaires déclaré — T3
A13: Juillet | B13: =SUMIFS(Recettes!F5:F304,Recettes!I5:I304,7,Recettes!K5:K304,$B$4) | C13: =SUMIFS(Recettes!G5:G304,Recettes!I5:I304,7,Recettes!K5:K304,$B$4) | D13: =SUMIFS(Recettes!H5:H304,Recettes!I5:I304,7,Recettes!K5:K304,$B$4) | E13: =SUMIFS(Achats!F5:F154,Achats!G5:G154,7,Achats!I5:I154,$B$4) | G13: Cotisations payées — T3
A14: Août | B14: =SUMIFS(Recettes!F5:F304,Recettes!I5:I304,8,Recettes!K5:K304,$B$4) | C14: =SUMIFS(Recettes!G5:G304,Recettes!I5:I304,8,Recettes!K5:K304,$B$4) | D14: =SUMIFS(Recettes!H5:H304,Recettes!I5:I304,8,Recettes!K5:K304,$B$4) | E14: =SUMIFS(Achats!F5:F154,Achats!G5:G154,8,Achats!I5:I154,$B$4) | G14: Chiffre d'affaires déclaré — T4
A15: Septembre | B15: =SUMIFS(Recettes!F5:F304,Recettes!I5:I304,9,Recettes!K5:K304,$B$4) | C15: =SUMIFS(Recettes!G5:G304,Recettes!I5:I304,9,Recettes!K5:K304,$B$4) | D15: =SUMIFS(Recettes!H5:H304,Recettes!I5:I304,9,Recettes!K5:K304,$B$4) | E15: =SUMIFS(Achats!F5:F154,Achats!G5:G154,9,Achats!I5:I154,$B$4) | G15: Cotisations payées — T4
A16: Octobre | B16: =SUMIFS(Recettes!F5:F304,Recettes!I5:I304,10,Recettes!K5:K304,$B$4) | C16: =SUMIFS(Recettes!G5:G304,Recettes!I5:I304,10,Recettes!K5:K304,$B$4) | D16: =SUMIFS(Recettes!H5:H304,Recettes!I5:I304,10,Recettes!K5:K304,$B$4) | E16: =SUMIFS(Achats!F5:F154,Achats!G5:G154,10,Achats!I5:I154,$B$4)
A17: Novembre | B17: =SUMIFS(Recettes!F5:F304,Recettes!I5:I304,11,Recettes!K5:K304,$B$4) | C17: =SUMIFS(Recettes!G5:G304,Recettes!I5:I304,11,Recettes!K5:K304,$B$4) | D17: =SUMIFS(Recettes!H5:H304,Recettes!I5:I304,11,Recettes!K5:K304,$B$4) | E17: =SUMIFS(Achats!F5:F154,Achats!G5:G154,11,Achats!I5:I154,$B$4)
A18: Décembre | B18: =SUMIFS(Recettes!F5:F304,Recettes!I5:I304,12,Recettes!K5:K304,$B$4) | C18: =SUMIFS(Recettes!G5:G304,Recettes!I5:I304,12,Recettes!K5:K304,$B$4) | D18: =SUMIFS(Recettes!H5:H304,Recettes!I5:I304,12,Recettes!K5:K304,$B$4) | E18: =SUMIFS(Achats!F5:F154,Achats!G5:G154,12,Achats!I5:I154,$B$4) | G18: RAPPEL
G19: Si vous collectez la TVA, votre chiffre d'affaires à déclarer est le montant HT, pas l'encaissé TTC. La colonne « TVA collectée » est là pour l'isoler.
A21: Trimestre | B21: Montant HT | C21: TVA collectée | D21: Encaissé TTC | E21: Achats TTC
A22: 1er trimestre | B22: =SUMIFS(Recettes!F5:F304,Recettes!J5:J304,1,Recettes!K5:K304,$B$4) | C22: =SUMIFS(Recettes!G5:G304,Recettes!J5:J304,1,Recettes!K5:K304,$B$4) | D22: =SUMIFS(Recettes!H5:H304,Recettes!J5:J304,1,Recettes!K5:K304,$B$4) | E22: =SUMIFS(Achats!F5:F154,Achats!H5:H154,1,Achats!I5:I154,$B$4)
A23: 2e trimestre | B23: =SUMIFS(Recettes!F5:F304,Recettes!J5:J304,2,Recettes!K5:K304,$B$4) | C23: =SUMIFS(Recettes!G5:G304,Recettes!J5:J304,2,Recettes!K5:K304,$B$4) | D23: =SUMIFS(Recettes!H5:H304,Recettes!J5:J304,2,Recettes!K5:K304,$B$4) | E23: =SUMIFS(Achats!F5:F154,Achats!H5:H154,2,Achats!I5:I154,$B$4) | G23: Pensez à rapprocher ces totaux des encaissements de votre compte bancaire une fois par trimestre.
A24: 3e trimestre | B24: =SUMIFS(Recettes!F5:F304,Recettes!J5:J304,3,Recettes!K5:K304,$B$4) | C24: =SUMIFS(Recettes!G5:G304,Recettes!J5:J304,3,Recettes!K5:K304,$B$4) | D24: =SUMIFS(Recettes!H5:H304,Recettes!J5:J304,3,Recettes!K5:K304,$B$4) | E24: =SUMIFS(Achats!F5:F154,Achats!H5:H154,3,Achats!I5:I154,$B$4)
A25: 4e trimestre | B25: =SUMIFS(Recettes!F5:F304,Recettes!J5:J304,4,Recettes!K5:K304,$B$4) | C25: =SUMIFS(Recettes!G5:G304,Recettes!J5:J304,4,Recettes!K5:K304,$B$4) | D25: =SUMIFS(Recettes!H5:H304,Recettes!J5:J304,4,Recettes!K5:K304,$B$4) | E25: =SUMIFS(Achats!F5:F154,Achats!H5:H154,4,Achats!I5:I154,$B$4)
A26: Total de l'année | B26: =SUM(B22:B25) | C26: =SUM(C22:C25) | D26: =SUM(D22:D25) | E26: =SUM(E22:E25)
